{
  "batch_idx": 1499.5,
  "si_sdr": 7.143097823265552,
  "si_sir": 17.823488836067572,
  "si_sar": 8.345825822698457,
  "pesq": 2.2038807155489923,
  "stoi": 0.6999275042060312,
  "nfe": 60.0,
  "runtime": 3.6586283514400324,
  "len_s": 8.414887791666668,
  "number": 3000
}