{
  "batch_idx": 1499.5,
  "si_sdr": 8.182509916826966,
  "si_sir": 17.962979896836913,
  "si_sar": 9.309156217229553,
  "pesq": 2.247587406873703,
  "stoi": 0.7141201449871865,
  "nfe": 60.0,
  "runtime": 3.575794264741242,
  "len_s": 8.414887791666668,
  "number": 3000
}